lang,macro_precision,macro_recall,macro_f1,micro_precision,micro_recall,micro_f1
afr,0.48275862068965514,0.17719298245614037,0.15743589743589742,0.43333333333333335,0.3561643835616438,0.39097744360902253
