lang,macro_precision,macro_recall,macro_f1,micro_precision,micro_recall,micro_f1
tat,0.6567956349206349,0.24072316572316568,0.27013622818220523,0.6612903225806451,0.24404761904761904,0.3565217391304348
