lang,macro_precision,macro_recall,macro_f1,micro_precision,micro_recall,micro_f1
ptbr,0.3620202798100372,0.20738033441036777,0.24165941061511967,0.5794392523364486,0.34065934065934067,0.4290657439446367
