lang,macro_precision,macro_recall,macro_f1,micro_precision,micro_recall,micro_f1
hau,0.7236934563021519,0.0972878927819566,0.1511165619432537,0.5428571428571428,0.09644670050761421,0.16379310344827586
