lang,macro_precision,macro_recall,macro_f1,micro_precision,micro_recall,micro_f1
arq,0.3001984126984127,0.18742504135649296,0.22631174971600507,0.5064935064935064,0.22941176470588234,0.3157894736842105
