lang,macro_precision,macro_recall,macro_f1,micro_precision,micro_recall,micro_f1
sun,0.44508196721311477,0.19807902171363298,0.20353077816492451,0.7783505154639175,0.5335689045936396,0.6331236897274634
