lang,macro_precision,macro_recall,macro_f1,micro_precision,micro_recall,micro_f1
ron,0.5846316881981809,0.4185962494077451,0.4269329841320866,0.6513157894736842,0.4604651162790698,0.5395095367847411
