lang,macro_precision,macro_recall,macro_f1,micro_precision,micro_recall,micro_f1
ptmz,0.5,0.06228956228956229,0.10621442301188862,0.5714285714285714,0.05755395683453238,0.10457516339869281
