lang,macro_precision,macro_recall,macro_f1,micro_precision,micro_recall,micro_f1
ibo,0.46829931972789113,0.10314964592298025,0.1542289096882167,0.5869565217391305,0.13705583756345177,0.2222222222222222
