lang,macro_precision,macro_recall,macro_f1,micro_precision,micro_recall,micro_f1
eng,0.2761904761904762,0.21945724526369687,0.18968253968253967,0.5855855855855856,0.3693181818181818,0.4529616724738676
