lang,macro_precision,macro_recall,macro_f1,micro_precision,micro_recall,micro_f1
orm,0.34050487664945495,0.10747458305881745,0.12412392441186171,0.6065573770491803,0.2288659793814433,0.3323353293413174
