lang,macro_precision,macro_recall,macro_f1,micro_precision,micro_recall,micro_f1
tir,0.08333333333333333,0.027522935779816515,0.041379310344827586,0.4864864864864865,0.06417112299465241,0.11338582677165354
