lang,macro_precision,macro_recall,macro_f1,micro_precision,micro_recall,micro_f1
chn,0.2660660660660661,0.26385624755189974,0.2623581599392202,0.7588652482269503,0.5219512195121951,0.6184971098265896
