lang,macro_precision,macro_recall,macro_f1,micro_precision,micro_recall,micro_f1
deu,0.4215070643642072,0.3,0.3485542480279322,0.6357615894039735,0.39183673469387753,0.48484848484848486
