lang,macro_precision,macro_recall,macro_f1,micro_precision,micro_recall,micro_f1
rus,0.6944373703074892,0.40949958816041415,0.49426358908095697,0.7692307692307693,0.41450777202072536,0.5387205387205387
