lang,macro_precision,macro_recall,macro_f1,micro_precision,micro_recall,micro_f1
hin,0.26111111111111107,0.2049512987012987,0.2282263630089717,0.5151515151515151,0.22077922077922077,0.3090909090909091
