lang,macro_precision,macro_recall,macro_f1,micro_precision,micro_recall,micro_f1
ary,0.36161616161616156,0.1418337850045167,0.19618042869321642,0.5735294117647058,0.17410714285714285,0.2671232876712329
