lang,macro_precision,macro_recall,macro_f1,micro_precision,micro_recall,micro_f1
kin,0.1388888888888889,0.018949771689497717,0.03278428888184986,0.47058823529411764,0.025974025974025976,0.04923076923076923
