lang,macro_precision,macro_recall,macro_f1,micro_precision,micro_recall,micro_f1
amh,0.07383966244725738,0.02791068580542265,0.04050925925925926,0.4268292682926829,0.051094890510948905,0.09126466753585398
