lang,macro_precision,macro_recall,macro_f1,micro_precision,micro_recall,micro_f1
esp,0.7398231849451361,0.3810842305169471,0.4098532618175475,0.6071428571428571,0.3984375,0.4811320754716981
