lang,macro_precision,macro_recall,macro_f1,micro_precision,micro_recall,micro_f1
pcm,0.455007832516893,0.1643699730878551,0.16495361606784742,0.5844155844155844,0.31505250875145857,0.4094010614101592
