lang,macro_precision,macro_recall,macro_f1,micro_precision,micro_recall,micro_f1
mar,0.5499999999999999,0.3016366674261411,0.36185592185592186,0.7837837837837838,0.32954545454545453,0.464
