lang,macro_precision,macro_recall,macro_f1,micro_precision,micro_recall,micro_f1
swa,0.1452020202020202,0.020573034271664407,0.03594771241830066,0.3448275862068966,0.03058103975535168,0.056179775280898875
