lang,macro_precision,macro_recall,macro_f1,micro_precision,micro_recall,micro_f1
som,0.2450980392156863,0.028944059064540995,0.04406850459482039,0.4857142857142857,0.04450261780104712,0.0815347721822542
