lang,macro_precision,macro_recall,macro_f1,micro_precision,micro_recall,micro_f1
ukr,0.47843137254901963,0.21351846258400664,0.260375312752428,0.5245901639344263,0.24242424242424243,0.3316062176165803
