lang,macro_precision,macro_recall,macro_f1,micro_precision,micro_recall,micro_f1
swe,0.3343962884660559,0.3369259712588966,0.33435317439855156,0.7142857142857143,0.583756345177665,0.6424581005586593
