lang,macro_precision,macro_recall,macro_f1,micro_precision,micro_recall,micro_f1
ukr,0.39814814814814814,0.24651283277538658,0.28296148296148294,0.5409836065573771,0.25,0.34196891191709844
