lang,macro_precision,macro_recall,macro_f1,micro_precision,micro_recall,micro_f1
deu,0.44222729202037353,0.31139571948998174,0.3580243449790163,0.6335403726708074,0.4163265306122449,0.5024630541871922
