lang,macro_precision,macro_recall,macro_f1,micro_precision,micro_recall,micro_f1
hin,0.6008454106280193,0.461635260164672,0.4877874265746119,0.5625,0.4675324675324675,0.5106382978723404
