lang,macro_precision,macro_recall,macro_f1,micro_precision,micro_recall,micro_f1
arq,0.47671957671957665,0.2929701347040057,0.2961305411082516,0.4957983193277311,0.34705882352941175,0.4083044982698962
