lang,macro_precision,macro_recall,macro_f1,micro_precision,micro_recall,micro_f1
mar,0.8609126984126984,0.6431299952197784,0.7128077688022175,0.8382352941176471,0.6477272727272727,0.7307692307692307
