lang,macro_precision,macro_recall,macro_f1,micro_precision,micro_recall,micro_f1
rus,0.812534703762774,0.593616333603818,0.6484115735614772,0.7341772151898734,0.6010362694300518,0.6609686609686609
