lang,macro_precision,macro_recall,macro_f1,micro_precision,micro_recall,micro_f1
kin,0.22270114942528738,0.03438644688644688,0.05612002980424033,0.6060606060606061,0.06493506493506493,0.11730205278592376
