lang,macro_precision,macro_recall,macro_f1,micro_precision,micro_recall,micro_f1
amh,0.07456140350877193,0.013556618819776713,0.02294197031039136,0.40476190476190477,0.024817518248175182,0.04676753782668501
