lang,macro_precision,macro_recall,macro_f1,micro_precision,micro_recall,micro_f1
hau,0.47222222222222227,0.16903532129272905,0.22315458614419958,0.5882352941176471,0.20304568527918782,0.3018867924528302
