lang,macro_precision,macro_recall,macro_f1,micro_precision,micro_recall,micro_f1
ibo,0.367506767016571,0.12598047692467007,0.17641576543328732,0.49230769230769234,0.16243654822335024,0.24427480916030533
