lang,macro_precision,macro_recall,macro_f1,micro_precision,micro_recall,micro_f1
swe,0.4825550187869028,0.29902311356221795,0.3427680322970785,0.7941176470588235,0.5482233502538071,0.6486486486486487
