lang,macro_precision,macro_recall,macro_f1,micro_precision,micro_recall,micro_f1
ron,0.6644249512670565,0.5761019629252554,0.5339412764984541,0.5980861244019139,0.5813953488372093,0.589622641509434
