lang,macro_precision,macro_recall,macro_f1,micro_precision,micro_recall,micro_f1
afr,0.09142857142857143,0.1,0.0955223880597015,0.45714285714285713,0.2191780821917808,0.2962962962962963
