lang,macro_precision,macro_recall,macro_f1,micro_precision,micro_recall,micro_f1
ptmz,0.46091562758229426,0.17943932074366856,0.23622772131389014,0.5254237288135594,0.22302158273381295,0.31313131313131315
