lang,macro_precision,macro_recall,macro_f1,micro_precision,micro_recall,micro_f1
ary,0.2877133872416891,0.2165472964253452,0.23842305091797997,0.48854961832061067,0.2857142857142857,0.36056338028169016
