lang,macro_precision,macro_recall,macro_f1,micro_precision,micro_recall,micro_f1
swa,0.3055555555555555,0.027593791292421427,0.050230869476925864,0.3793103448275862,0.03363914373088685,0.06179775280898876
