lang,macro_precision,macro_recall,macro_f1,micro_precision,micro_recall,micro_f1
som,0.1111111111111111,0.0033670033670033673,0.006535947712418301,0.3333333333333333,0.005235602094240838,0.010309278350515464
