lang,macro_precision,macro_recall,macro_f1,micro_precision,micro_recall,micro_f1
eng,0.6897556613006648,0.40206733230926783,0.44407143734240295,0.6170212765957447,0.4943181818181818,0.5488958990536278
