lang,macro_precision,macro_recall,macro_f1,micro_precision,micro_recall,micro_f1
tir,0.08620689655172414,0.011467889908256881,0.020242914979757085,0.45454545454545453,0.026737967914438502,0.050505050505050504
