lang,macro_precision,macro_recall,macro_f1,micro_precision,micro_recall,micro_f1
pcm,0.40310755136336535,0.15941941495596004,0.19150380083211535,0.635593220338983,0.26254375729288215,0.37159372419488024
