lang,macro_precision,macro_recall,macro_f1,micro_precision,micro_recall,micro_f1
yor,0.07671957671957672,0.06954436450839328,0.0729559748427673,0.4603174603174603,0.20422535211267606,0.28292682926829266
