lang,macro_precision,macro_recall,macro_f1,micro_precision,micro_recall,micro_f1
sun,0.4926825802784882,0.21609750680215448,0.2475476607333917,0.7777777777777778,0.49469964664310956,0.6047516198704104
