lang,macro_precision,macro_recall,macro_f1,micro_precision,micro_recall,micro_f1
tat,0.6768180140273165,0.32620435120435126,0.3546532474811164,0.5876288659793815,0.3392857142857143,0.43018867924528303
