lang,macro_precision,macro_recall,macro_f1,micro_precision,micro_recall,micro_f1
ptbr,0.5740338164251207,0.2934839415929516,0.3388749561065945,0.625,0.41208791208791207,0.4966887417218543
