lang,macro_precision,macro_recall,macro_f1,micro_precision,micro_recall,micro_f1
orm,0.18195488721804512,0.03412770694191459,0.05746586722531244,0.6296296296296297,0.07010309278350516,0.1261595547309833
