lang,macro_precision,macro_recall,macro_f1,micro_precision,micro_recall,micro_f1
chn,0.4501408090117767,0.3436203619627533,0.36090928466248157,0.7659574468085106,0.526829268292683,0.6242774566473989
