lang,macro_precision,macro_recall,macro_f1,micro_precision,micro_recall,micro_f1
esp,0.7060827086288016,0.5014136104308464,0.5270610784360412,0.6093023255813953,0.51171875,0.5562632696390658
