lang,macro_precision,macro_recall,macro_f1,micro_precision,micro_recall,micro_f1
swa,0.45419719169719164,0.09990461753259157,0.14943810072720223,0.37623762376237624,0.1162079510703364,0.17757009345794392
