lang,macro_precision,macro_recall,macro_f1,micro_precision,micro_recall,micro_f1
mar,0.7621806298276886,0.6686874271239596,0.703166935050993,0.7662337662337663,0.6704545454545454,0.7151515151515152
