lang,macro_precision,macro_recall,macro_f1,micro_precision,micro_recall,micro_f1
ron,0.6996501402161779,0.6551594825536883,0.6565400326257641,0.7073170731707317,0.6744186046511628,0.6904761904761905
