lang,macro_precision,macro_recall,macro_f1,micro_precision,micro_recall,micro_f1
tat,0.5125661375661376,0.2497266622266622,0.2656391145800013,0.4731182795698925,0.2619047619047619,0.3371647509578544
