lang,macro_precision,macro_recall,macro_f1,micro_precision,micro_recall,micro_f1
rus,0.6972963419084109,0.588383525805303,0.6346546201967889,0.7080745341614907,0.5906735751295337,0.6440677966101694
