lang,macro_precision,macro_recall,macro_f1,micro_precision,micro_recall,micro_f1
esp,0.6422362209046991,0.5988245779655489,0.6082152658444681,0.6322314049586777,0.59765625,0.6144578313253012
