lang,macro_precision,macro_recall,macro_f1,micro_precision,micro_recall,micro_f1
yor,0.09999999999999999,0.0035971223021582736,0.006944444444444444,0.6,0.01056338028169014,0.020761245674740483
