lang,macro_precision,macro_recall,macro_f1,micro_precision,micro_recall,micro_f1
ukr,0.6106209150326797,0.3299384580533112,0.39875859434682964,0.6049382716049383,0.3712121212121212,0.460093896713615
