lang,macro_precision,macro_recall,macro_f1,micro_precision,micro_recall,micro_f1
ibo,0.5048611111111111,0.13719749703658585,0.1954540931565146,0.5573770491803278,0.17258883248730963,0.26356589147286824
