lang,macro_precision,macro_recall,macro_f1,micro_precision,micro_recall,micro_f1
hin,0.6171536796536797,0.583192746795688,0.5763095292507057,0.5974025974025974,0.5974025974025974,0.5974025974025974
