lang,macro_precision,macro_recall,macro_f1,micro_precision,micro_recall,micro_f1
kin,0.5548941798941799,0.10242501812808018,0.16488065311594724,0.589041095890411,0.1396103896103896,0.22572178477690288
