lang,macro_precision,macro_recall,macro_f1,micro_precision,micro_recall,micro_f1
pcm,0.5000649736267281,0.3033794998376063,0.3438484434836644,0.584251968503937,0.4329054842473746,0.4973190348525469
