lang,macro_precision,macro_recall,macro_f1,micro_precision,micro_recall,micro_f1
eng,0.6925490196078431,0.425989503328213,0.4833845201120021,0.6453900709219859,0.5170454545454546,0.5741324921135647
