lang,macro_precision,macro_recall,macro_f1,micro_precision,micro_recall,micro_f1
hau,0.5347459623518068,0.3113317222501039,0.367239808362915,0.5443037974683544,0.32741116751269034,0.40887480190174325
