lang,macro_precision,macro_recall,macro_f1,micro_precision,micro_recall,micro_f1
orm,0.2802020202020202,0.13081058619368116,0.15928933859968342,0.5175438596491229,0.24329896907216494,0.33099579242636745
