lang,macro_precision,macro_recall,macro_f1,micro_precision,micro_recall,micro_f1
sun,0.5719540358326816,0.27622611596695984,0.31506028954932813,0.7174887892376681,0.5653710247349824,0.6324110671936759
