lang,macro_precision,macro_recall,macro_f1,micro_precision,micro_recall,micro_f1
chn,0.4276094276094276,0.37252741872307094,0.3856474933207606,0.7192982456140351,0.6,0.6542553191489362
