lang,macro_precision,macro_recall,macro_f1,micro_precision,micro_recall,micro_f1
deu,0.5640314596402148,0.4106557377049181,0.45518172018172015,0.656084656084656,0.5061224489795918,0.5714285714285714
