lang,macro_precision,macro_recall,macro_f1,micro_precision,micro_recall,micro_f1
swe,0.4552709756232994,0.3864672875720443,0.4053975869384554,0.6666666666666666,0.649746192893401,0.6580976863753213
