lang,macro_precision,macro_recall,macro_f1,micro_precision,micro_recall,micro_f1
afr,0.45977011494252873,0.2380482456140351,0.23076923076923075,0.5076923076923077,0.4520547945205479,0.4782608695652174
