lang,macro_precision,macro_recall,macro_f1,micro_precision,micro_recall,micro_f1
som,0.4885472851492269,0.1422727424094085,0.1726187262980349,0.44642857142857145,0.19633507853403143,0.2727272727272727
