lang,macro_precision,macro_recall,macro_f1,micro_precision,micro_recall,micro_f1
ary,0.4671661793372319,0.17223838492131174,0.23148040144832446,0.4166666666666667,0.20089285714285715,0.2710843373493976
