lang,macro_precision,macro_recall,macro_f1,micro_precision,micro_recall,micro_f1
ptbr,0.3389587362991618,0.2535648074580221,0.2841719683824947,0.6495726495726496,0.4175824175824176,0.5083612040133779
