lang,macro_precision,macro_recall,macro_f1,micro_precision,micro_recall,micro_f1
arq,0.5353535353535354,0.17808068947181852,0.21881884174569236,0.5230769230769231,0.2,0.28936170212765955
