lang,macro_precision,macro_recall,macro_f1,micro_precision,micro_recall,micro_f1
ptmz,0.5313492063492063,0.11563762088058764,0.18008594719121032,0.4444444444444444,0.11510791366906475,0.18285714285714286
